id,full_name,abbreviation,nickname,city,state,year_founded
1610612737,Atlanta Hawks,ATL,Hawks,Atlanta,Atlanta,1/1/1949
1610612738,Boston Celtics,BOS,Celtics,Boston,Massachusetts,1/1/1946
1610612739,Cleveland Cavaliers,CLE,Cavaliers,Cleveland,Ohio,1/1/1970
1610612740,New Orleans Pelicans,NOP,Pelicans,New Orleans,Louisiana,1/1/2002
1610612741,Chicago Bulls,CHI,Bulls,Chicago,Illinois,1/1/1966
1610612742,Dallas Mavericks,DAL,Mavericks,Dallas,Texas,1/1/1980
1610612743,Denver Nuggets,DEN,Nuggets,Denver,Colorado,1/1/1976
1610612744,Golden State Warriors,GSW,Warriors,Golden State,California,1/1/1946
1610612745,Houston Rockets,HOU,Rockets,Houston,Texas,1/1/1967
1610612746,Los Angeles Clippers,LAC,Clippers,Los Angeles,California,1/1/1970
1610612747,Los Angeles Lakers,LAL,Lakers,Los Angeles,California,1/1/1948
1610612748,Miami Heat,MIA,Heat,Miami,Florida,1/1/1988
1610612749,Milwaukee Bucks,MIL,Bucks,Milwaukee,Wisconsin,1/1/1968
1610612750,Minnesota Timberwolves,MIN,Timberwolves,Minnesota,Minnesota,1/1/1989
1610612751,Brooklyn Nets,BKN,Nets,Brooklyn,New York,1/1/1976
1610612752,New York Knicks,NYK,Knicks,New York,New York,1/1/1946
1610612753,Orlando Magic,ORL,Magic,Orlando,Florida,1/1/1989
1610612754,Indiana Pacers,IND,Pacers,Indiana,Indiana,1/1/1976
1610612755,Philadelphia 76ers,PHI,76ers,Philadelphia,Pennsylvania,1/1/1949
1610612756,Phoenix Suns,PHX,Suns,Phoenix,Arizona,1/1/1968
1610612757,Portland Trail Blazers,POR,Trail Blazers,Portland,Oregon,1/1/1970
1610612758,Sacramento Kings,SAC,Kings,Sacramento,California,1/1/1948
1610612759,San Antonio Spurs,SAS,Spurs,San Antonio,Texas,1/1/1976
1610612760,Oklahoma City Thunder,OKC,Thunder,Oklahoma City,Oklahoma,1/1/1967
1610612761,Toronto Raptors,TOR,Raptors,Toronto,Ontario,1/1/1995
1610612762,Utah Jazz,UTA,Jazz,Utah,Utah,1/1/1974
1610612763,Memphis Grizzlies,MEM,Grizzlies,Memphis,Tennessee,1/1/1995
1610612764,Washington Wizards,WAS,Wizards,Washington,District of Columbia,1/1/1961
1610612765,Detroit Pistons,DET,Pistons,Detroit,Michigan,1/1/1948
1610612766,Charlotte Hornets,CHA,Hornets,Charlotte,North Carolina,1/1/1988
